scientific_name,pair_species,phylo_dist
Callorhinchus callorynchus,Callorhinchus callorynchus,0
Callorhinchus callorynchus,Callorhinchus milii,17.326427262
Callorhinchus callorynchus,Callorhinchus capensis,17.326427262
Callorhinchus callorynchus,Neoharriotta carri,384.20084368600004
Callorhinchus callorynchus,Neoharriotta pinnata,384.20084368600004
Callorhinchus callorynchus,Neoharriotta pumila,384.20084368600004
Callorhinchus callorynchus,Harriotta raleighana,384.20084368100004
Callorhinchus callorynchus,Harriotta haeckeli,384.20084368100004
Callorhinchus callorynchus,Rhinochimaera atlantica,384.20084367199996
Callorhinchus callorynchus,Rhinochimaera pacifica,384.200843672
Callorhinchus callorynchus,Rhinochimaera africana,384.200843672
Callorhinchus callorynchus,Hydrolagus colliei,384.20084369100005
Callorhinchus callorynchus,Hydrolagus barbouri,384.20084369100005
Callorhinchus callorynchus,Hydrolagus mitsukurii,384.20084268899996
Callorhinchus callorynchus,Hydrolagus africanus,384.200842688
Callorhinchus callorynchus,Chimaera obscura,384.200843688
Callorhinchus callorynchus,Chimaera cubana,384.2008436811
Callorhinchus callorynchus,Chimaera jordani,384.2008436811
Callorhinchus callorynchus,Chimaera phantasma,384.2008436809
Callorhinchus callorynchus,Chimaera macrospina,384.200843681
Callorhinchus callorynchus,Chimaera bahamaensis,384.200843681
Callorhinchus callorynchus,Hydrolagus ogilbyi,384.20084368600004
Callorhinchus callorynchus,Hydrolagus lemures,384.20084368600004
Callorhinchus callorynchus,Chimaera fulva,384.200843686
Callorhinchus callorynchus,Hydrolagus deani,384.200843686
Callorhinchus callorynchus,Chimaera lignaria,384.20084368600004
Callorhinchus callorynchus,Chimaera opalescens,384.20084368600004
Callorhinchus callorynchus,Hydrolagus marmoratus,384.20084367600003
Callorhinchus callorynchus,Chimaera panthera,384.2008426770001
Callorhinchus callorynchus,Hydrolagus purpurescens,384.2008436830001
Callorhinchus callorynchus,Hydrolagus bemisi,384.2008426830001
Callorhinchus callorynchus,Hydrolagus alphus,384.2008436860001
Callorhinchus callorynchus,Chimaera owstoni,384.20084368910005
Callorhinchus callorynchus,Hydrolagus lusitanicus,384.20084368910005
Callorhinchus callorynchus,Hydrolagus melanophasma,384.2008436880001
Callorhinchus callorynchus,Hydrolagus matallanasi,384.200843689
Callorhinchus callorynchus,Chimaera argiloba,384.200843689
Callorhinchus callorynchus,Hydrolagus pallidus,384.200843688
Callorhinchus callorynchus,Hydrolagus macrophthalmus,384.20084368500005
Callorhinchus callorynchus,Hydrolagus eidolon,384.20084369100005
Callorhinchus callorynchus,Chimaera notafricana,384.20084368000005
Callorhinchus callorynchus,Hydrolagus novaezealandiae,384.20084368000005
Callorhinchus callorynchus,Hydrolagus mccoskeri,384.200843682
Callorhinchus callorynchus,Hydrolagus homonycteris,384.2008436910001
Callorhinchus callorynchus,Hydrolagus trolli,384.2008436910001
Callorhinchus callorynchus,Hydrolagus mirabilis,384.2008436920001
Callorhinchus callorynchus,Hydrolagus affinis,384.2008436920001
Callorhinchus callorynchus,Hydrolagus alberti,384.2008436920001
Callorhinchus callorynchus,Chimaera monstrosa,384.20084369200003
Callorhinchus callorynchus,Sinobatis bulbicauda,792.0250413107001
Callorhinchus callorynchus,Sinobatis filicauda,792.0250413107001
Callorhinchus callorynchus,Sinobatis borneensis,792.0250413117001
Callorhinchus callorynchus,Sinobatis caerulea,792.0250413197001
Callorhinchus callorynchus,Sinobatis melanosoma,792.0250413197001
Callorhinchus callorynchus,Anacanthobatis americanus,792.0250412707001
Callorhinchus callorynchus,Anacanthobatis donghaiensis,792.0250412807001
Callorhinchus callorynchus,Anacanthobatis ori,792.0250412797001
Callorhinchus callorynchus,Anacanthobatis nanhaiensis,792.0250412787
Callorhinchus callorynchus,Anacanthobatis folirostris,792.0250412787
Callorhinchus callorynchus,Anacanthobatis stenosoma,792.0250412807001
Callorhinchus callorynchus,Anacanthobatis marmoratus,792.0250412827002
Callorhinchus callorynchus,Anacanthobatis longirostris,792.0250412827002
Callorhinchus callorynchus,Cruriraja andamanica,792.0250412707
Callorhinchus callorynchus,Cruriraja durbanensis,792.0250412682
Callorhinchus callorynchus,Cruriraja rugosa,792.0250412682
Callorhinchus callorynchus,Cruriraja atlantis,792.0250412687
Callorhinchus callorynchus,Cruriraja poeyi,792.0250412726999
Callorhinchus callorynchus,Cruriraja cadenati,792.0250412726999
Callorhinchus callorynchus,Cruriraja parcomaculata,792.0250422706999
Callorhinchus callorynchus,Rioraja agassizii,792.0250422706999
Callorhinchus callorynchus,Atlantoraja castelnaui,792.0250422706999
Callorhinchus callorynchus,Atlantoraja platana,792.0250422706999
Callorhinchus callorynchus,Atlantoraja cyclophora,792.0250422706999
Callorhinchus callorynchus,Bathyraja isotrachys,792.0250422679001
Callorhinchus callorynchus,Bathyraja griseocauda,792.0250412679001
Callorhinchus callorynchus,Bathyraja ishiharai,792.0250422681002
Callorhinchus callorynchus,Rhinoraja longicauda,792.0250422681
Callorhinchus callorynchus,Bathyraja kincaidii,792.0250422691
Callorhinchus callorynchus,Bathyraja mariposa,792.0250412696
Callorhinchus callorynchus,Bathyraja violacea,792.0250422696
Callorhinchus callorynchus,Bathyraja leucomelanos,792.0250422691
Callorhinchus callorynchus,Rhinoraja taranetzi,792.0250412651001
Callorhinchus callorynchus,Bathyraja trachura,792.0250422741
Callorhinchus callorynchus,Bathyraja notoroensis,792.0250422741
Callorhinchus callorynchus,Bathyraja cousseauae,792.0250412751
Callorhinchus callorynchus,Bathyraja scaphiops,792.02504227
Callorhinchus callorynchus,Bathyraja trachouros,792.02504227
Callorhinchus callorynchus,Rhinoraja kujiensis,792.0250422729999
Callorhinchus callorynchus,Bathyraja richardsoni,792.025042268
Callorhinchus callorynchus,Bathyraja simoterus,792.025042268
Callorhinchus callorynchus,Bathyraja pallida,792.0250422733701
Callorhinchus callorynchus,Bathyraja longicauda,792.0250422743701
Callorhinchus callorynchus,Bathyraja aleutica,792.0250422743701
Callorhinchus callorynchus,Bathyraja meridionalis,792.0250402763701
Callorhinchus callorynchus,Bathyraja minispinosa,792.02504227477
Callorhinchus callorynchus,Bathyraja spinicauda,792.02504127477
Callorhinchus callorynchus,Bathyraja bergi,792.02504227677
Callorhinchus callorynchus,Rhinoraja macloviana,792.0250412736701
Callorhinchus callorynchus,Rhinoraja albomaculata,792.0250412736701
Callorhinchus callorynchus,Bathyraja parmifera,792.0250412740702
Callorhinchus callorynchus,Bathyraja eatonii,792.0250422740702
Callorhinchus callorynchus,Bathyraja smirnovi,792.0250412739701
Callorhinchus callorynchus,Bathyraja tzinovskii,792.0250422743702
Callorhinchus callorynchus,Bathyraja shuntovi,792.0250422653701
Callorhinchus callorynchus,Bathyraja maculata,792.02504126237
Callorhinchus callorynchus,Bathyraja aguja,792.02504226307
Callorhinchus callorynchus,Bathyraja lindbergi,792.02504126307
Callorhinchus callorynchus,Bathyraja smithii,792.02504226237
Callorhinchus callorynchus,Bathyraja irrasa,792.0250412740701
Callorhinchus callorynchus,Rhinoraja murrayi,792.0250412740701
Callorhinchus callorynchus,Bathyraja tunae,792.0250422740701
Callorhinchus callorynchus,Bathyraja panthera,792.02504227307
Callorhinchus callorynchus,Bathyraja papilionifera,792.02504227307
Callorhinchus callorynchus,Bathyraja andriashevi,792.0250422740701
Callorhinchus callorynchus,Bathyraja maccaini,792.0250422740701
Callorhinchus callorynchus,Rhinoraja multispinis,792.02504227207
Callorhinchus callorynchus,Bathyraja peruana,792.02504227207
Callorhinchus callorynchus,Bathyraja abyssicola,792.02504227407
Callorhinchus callorynchus,Bathyraja microtrachys,792.02504227407
Callorhinchus callorynchus,Bathyraja spinosissima,792.0250422740698
Callorhinchus callorynchus,Bathyraja schroederi,792.0250422740698
Callorhinchus callorynchus,Bathyraja fedorovi,792.0250422720699
Callorhinchus callorynchus,Bathyraja brachyurops,792.02504127307
Callorhinchus callorynchus,Rhinoraja odai,792.02504227307
Callorhinchus callorynchus,Rhinoraja magellanica,792.02504126807
Callorhinchus callorynchus,Bathyraja matsubarai,792.025042267
Callorhinchus callorynchus,Bathyraja hesperafricana,792.025042267
Callorhinchus callorynchus,Bathyraja diplotaenia,792.025042273
Callorhinchus callorynchus,Arhynchobatis asperrimus,792.0250422700001
Callorhinchus callorynchus,Sympterygia lima,792.025041271
Callorhinchus callorynchus,Sympterygia bonapartii,792.025041275
Callorhinchus callorynchus,Sympterygia brevicaudata,792.025041275
Callorhinchus callorynchus,Sympterygia acuta,792.025041271
Callorhinchus callorynchus,Psammobatis rutrum,792.0250412700001
Callorhinchus callorynchus,Psammobatis normani,792.0250412700001
Callorhinchus callorynchus,Psammobatis rudis,792.025041278
Callorhinchus callorynchus,Psammobatis lentiginosa,792.0250412792
Callorhinchus callorynchus,Psammobatis bergi,792.0250412792
Callorhinchus callorynchus,Psammobatis parvacauda,792.0250412750001
Callorhinchus callorynchus,Psammobatis scobina,792.0250412750001
Callorhinchus callorynchus,Psammobatis extenta,792.0250412750001
Callorhinchus callorynchus,Irolita waitii,792.0250412700001
Callorhinchus callorynchus,Irolita westraliensis,792.0250412700001
Callorhinchus callorynchus,Pseudoraja fischeri,792.0250422610001
Callorhinchus callorynchus,Notoraja alisae,792.0250422610001
Callorhinchus callorynchus,Notoraja longiventralis,792.025042261
Callorhinchus callorynchus,Notoraja sticta,792.025042261
Callorhinchus callorynchus,Notoraja inusitata,792.0250422611002
Callorhinchus callorynchus,Notoraja lira,792.0250422611002
Callorhinchus callorynchus,Notoraja fijiensis,792.0250422610002
Callorhinchus callorynchus,Notoraja tobitukai,792.0250422610001
Callorhinchus callorynchus,Notoraja azurea,792.0250422615702
Callorhinchus callorynchus,Notoraja ochroderma,792.0250422615702
Callorhinchus callorynchus,Notoraja hirticauda,792.025042261
Callorhinchus callorynchus,Notoraja sapphira,792.025042261
Callorhinchus callorynchus,Insentiraja subtilispinosa,792.025042263
Callorhinchus callorynchus,Insentiraja laxipella,792.025042263
Callorhinchus callorynchus,Pavoraja pseudonitida,792.0250422690001
Callorhinchus callorynchus,Pavoraja umbrosa,792.0250422690001
Callorhinchus callorynchus,Pavoraja arenaria,792.0250422690001
Callorhinchus callorynchus,Pavoraja mosaica,792.025042271
Callorhinchus callorynchus,Pavoraja nitida,792.025042271
Callorhinchus callorynchus,Pavoraja alleni,792.0250422710001
Callorhinchus callorynchus,Brochiraja albilabiata,792.02504126
Callorhinchus callorynchus,Brochiraja leviveneta,792.0250412620001
Callorhinchus callorynchus,Brochiraja spinifera,792.0250412620001
Callorhinchus callorynchus,Brochiraja heuresa,792.0250412610001
Callorhinchus callorynchus,Brochiraja asperula,792.0250412610001
Callorhinchus callorynchus,Brochiraja vittacauda,792.02504126
Callorhinchus callorynchus,Brochiraja aenigma,792.0250412580001
Callorhinchus callorynchus,Brochiraja microspinifera,792.0250412580001
Callorhinchus callorynchus,Cruriraja hulleyi,792.0250412817
Callorhinchus callorynchus,Dipturus pullopunctata,792.025042251
Callorhinchus callorynchus,Dipturus johannisdavesi,792.025042251
Callorhinchus callorynchus,Dipturus queenslandicus,792.025042251
Callorhinchus callorynchus,Dipturus flavirostris,792.025042251
Callorhinchus callorynchus,Dipturus endeavouri,792.025042251
Callorhinchus callorynchus,Dipturus campbelli,792.025042251
Callorhinchus callorynchus,Dipturus oxyrinchus,792.0250412449998
Callorhinchus callorynchus,Dipturus batis,792.0250412449998
Callorhinchus callorynchus,Dipturus laevis,792.0250412479998
Callorhinchus callorynchus,Dipturus wuhanlingi,792.0250422479999
Callorhinchus callorynchus,Dipturus intermedia,792.0250422479999
Callorhinchus callorynchus,Dipturus macrocauda,792.0250422477
Callorhinchus callorynchus,Dipturus tengu,792.0250422477
Callorhinchus callorynchus,Dipturus oculus,792.0250422476
Callorhinchus callorynchus,Spiniraja whitleyi,792.0250422476
Callorhinchus callorynchus,Dipturus healdi,792.0250422476
Callorhinchus callorynchus,Dipturus doutrei,792.0250422455
Callorhinchus callorynchus,Dipturus polyommata,792.0250422465
Callorhinchus callorynchus,Dipturus garricki,792.025042246
Callorhinchus callorynchus,Dipturus cerva,792.025042246
Callorhinchus callorynchus,Dipturus grahami,792.025042246
Callorhinchus callorynchus,Dipturus confusus,792.025042246
Callorhinchus callorynchus,Dipturus apricus,792.0250422475
Callorhinchus callorynchus,Dipturus australis,792.0250422475
Callorhinchus callorynchus,Dipturus teevani,792.0250422475
Callorhinchus callorynchus,Dentiraja lemprieri,792.0250422514999
Callorhinchus callorynchus,Dentiraja flindersi,792.0250422514999
Callorhinchus callorynchus,Dipturus innominatus,792.0250412505001
Callorhinchus callorynchus,Dipturus gudgeri,792.0250412505001
Callorhinchus callorynchus,Dipturus mennii,792.0250422425
Callorhinchus callorynchus,Dipturus lanceorostratus,792.0250422425
Callorhinchus callorynchus,Zearaja chilensis,792.0250422473998
Callorhinchus callorynchus,Zearaja maugeana,792.0250422493998
Callorhinchus callorynchus,Zearaja argentinensis,792.0250422508998
Callorhinchus callorynchus,Zearaja nasuta,792.0250422508998
Callorhinchus callorynchus,Dipturus trachydermus,792.0250422490999
Callorhinchus callorynchus,Dipturus leptocaudus,792.0250422490999
Callorhinchus callorynchus,Dipturus wengi,792.0250422493999
Callorhinchus callorynchus,Dipturus falloargus,792.0250422493998
Callorhinchus callorynchus,Dipturus stenorhynchus,792.025042249
Callorhinchus callorynchus,Dipturus crosnieri,792.0250422444001
Callorhinchus callorynchus,Dipturus olseni,792.0250422444001
Callorhinchus callorynchus,Dipturus springeri,792.0250422510001
Callorhinchus callorynchus,Dipturus bullisi,792.0250422510001
Callorhinchus callorynchus,Dipturus nidarosiensis,792.0250422475999
Callorhinchus callorynchus,Dipturus oregoni,792.0250422475999
Callorhinchus callorynchus,Dipturus ecuadoriensis,792.0250422415997
Callorhinchus callorynchus,Dipturus gigas,792.0250422415997
Callorhinchus callorynchus,Dipturus canutus,792.0250422415999
Callorhinchus callorynchus,Dipturus melanospilus,792.0250422515999
Callorhinchus callorynchus,Dipturus acrobelus,792.0250422415999
Callorhinchus callorynchus,Dipturus kwangtungensis,792.0250422415999
Callorhinchus callorynchus,Breviraja colesi,792.0250412439999
Callorhinchus callorynchus,Breviraja spinosa,792.0250412439999
Callorhinchus callorynchus,Breviraja claramaculata,792.0250412419999
Callorhinchus callorynchus,Breviraja nigriventralis,792.0250412419999
Callorhinchus callorynchus,Hongeo koreana,792.0250412439999
Callorhinchus callorynchus,Beringraja binoculata,792.025042236
Callorhinchus callorynchus,Beringraja pulchra,792.025042236
Callorhinchus callorynchus,Raja stellulata,792.0250422389998
Callorhinchus callorynchus,Raja rhina,792.0250422389998
Callorhinchus callorynchus,Raja inornata,792.0250422359999
Callorhinchus callorynchus,Okamejei meerdervoortii,792.025041236
Callorhinchus callorynchus,Okamejei arafurensis,792.025041236
Callorhinchus callorynchus,Okamejei porosa,792.0250412390001
Callorhinchus callorynchus,Okamejei hollandi,792.0250422436001
Callorhinchus callorynchus,Okamejei powelli,792.0250412436001
Callorhinchus callorynchus,Okamejei mengae,792.0250412390001
Callorhinchus callorynchus,Okamejei philipi,792.025041241
Callorhinchus callorynchus,Okamejei schmidti,792.025041241
Callorhinchus callorynchus,Okamejei heemstrai,792.025041236
Callorhinchus callorynchus,Okamejei cairae,792.025041242
Callorhinchus callorynchus,Okamejei pita,792.025041242
Callorhinchus callorynchus,Okamejei leptoura,792.025041244
Callorhinchus callorynchus,Okamejei kenojei,792.0250412375
Callorhinchus callorynchus,Okamejei boesemani,792.0250412375
Callorhinchus callorynchus,Okamejei acutispina,792.025041244
Callorhinchus callorynchus,Raja brachyura,792.025041239
Callorhinchus callorynchus,Raja rondeleti,792.025041239
Callorhinchus callorynchus,Raja ackleyi,792.025041234
Callorhinchus callorynchus,Raja microocellata,792.025041234
Callorhinchus callorynchus,Raja montagui,792.025041234
Callorhinchus callorynchus,Raja bahamensis,792.025041236
Callorhinchus callorynchus,Raja herwigi,792.025041236
Callorhinchus callorynchus,Raja polystigma,792.025041236
Callorhinchus callorynchus,Raja texana,792.025041236
Callorhinchus callorynchus,Raja rouxi,792.025041237
Callorhinchus callorynchus,Raja cortezensis,792.0250412384
Callorhinchus callorynchus,Raja undulata,792.0250412384
Callorhinchus callorynchus,Raja cervigoni,792.0250412414
Callorhinchus callorynchus,Raja africana,792.025041241
Callorhinchus callorynchus,Raja miraletus,792.025041242
Callorhinchus callorynchus,Raja atriventralis,792.025041242
Callorhinchus callorynchus,Raja asterias,792.0250412429999
Callorhinchus callorynchus,Raja straeleni,792.0250412419999
Callorhinchus callorynchus,Raja equatorialis,792.0250412419999
Callorhinchus callorynchus,Raja maderensis,792.025041243
Callorhinchus callorynchus,Raja clavata,792.025041243
Callorhinchus callorynchus,Raja chinensis,792.025041242
Callorhinchus callorynchus,Raja macrorynchus,792.025041247
Callorhinchus callorynchus,Raja radula,792.025041245
Callorhinchus callorynchus,Leucoraja pristispina,792.025042241
Callorhinchus callorynchus,Leucoraja leucosticta,792.0250422470999
Callorhinchus callorynchus,Leucoraja circularis,792.0250422460999
Callorhinchus callorynchus,Leucoraja melitensis,792.0250422460999
Callorhinchus callorynchus,Leucoraja fullonica,792.0250422411
Callorhinchus callorynchus,Leucoraja caribbaea,792.0250422401
Callorhinchus callorynchus,Leucoraja wallacei,792.0250412470999
Callorhinchus callorynchus,Leucoraja naevus,792.0250412470999
Callorhinchus callorynchus,Leucoraja virginica,792.0250422409999
Callorhinchus callorynchus,Rajella barnardi,792.0250422417
Callorhinchus callorynchus,Rajella nigerrima,792.0250422424
Callorhinchus callorynchus,Rajella kukujevi,792.0250422403999
Callorhinchus callorynchus,Rajella purpuriventralis,792.0250422403999
Callorhinchus callorynchus,Rajella eisenhardti,792.0250422507002
Callorhinchus callorynchus,Rajella fuliginea,792.0250422507002
Callorhinchus callorynchus,Rajella leopardus,792.0250422487001
Callorhinchus callorynchus,Rajella lintea,792.0250422504
Callorhinchus callorynchus,Rajella sadowskii,792.0250422504
Callorhinchus callorynchus,Rajella ravidula,792.0250422497
Callorhinchus callorynchus,Rajella dissimilis,792.0250422465298
Callorhinchus callorynchus,Rajella bigelowi,792.0250412465298
Callorhinchus callorynchus,Rajella alia,792.0250422462298
Callorhinchus callorynchus,Rajella fyllae,792.0250412422298
Callorhinchus callorynchus,Rajella caudaspinosa,792.0250412422298
Callorhinchus callorynchus,Rajella bathyphila,792.0250412482299
Callorhinchus callorynchus,Rajella challengeri,792.0250422482299
Callorhinchus callorynchus,Rajella annandalei,792.0250422447
Callorhinchus callorynchus,Leucoraja yucatanensis,792.0250422447
Callorhinchus callorynchus,Amblyraja robertsi,792.025041244
Callorhinchus callorynchus,Amblyraja reversa,792.025041244
Callorhinchus callorynchus,Amblyraja badia,792.0250412429999
Callorhinchus callorynchus,Amblyraja jenseni,792.0250412429999
Callorhinchus callorynchus,Amblyraja hyperborea,792.025041243
Callorhinchus callorynchus,Amblyraja doellojuradoi,792.025041244
Callorhinchus callorynchus,Amblyraja taaf,792.025041244
Callorhinchus callorynchus,Amblyraja georgiana,792.025041244
Callorhinchus callorynchus,Amblyraja frerichsi,792.025041244
Callorhinchus callorynchus,Amblyraja radiata,792.025041244
Callorhinchus callorynchus,Leucoraja lentiginosa,792.0250422490001
Callorhinchus callorynchus,Leucoraja garmani,792.025042251
Callorhinchus callorynchus,Leucoraja compagnoi,792.025042251
Callorhinchus callorynchus,Leucoraja erinacea,792.025042251
Callorhinchus callorynchus,Leucoraja ocellata,792.025042251
Callorhinchus callorynchus,Gurgesiella furvescens,792.025041259
Callorhinchus callorynchus,Gurgesiella atlantica,792.025041265
Callorhinchus callorynchus,Gurgesiella dorsalifera,792.025041265
Callorhinchus callorynchus,Dactylobatus armatus,792.02504126
Callorhinchus callorynchus,Dactylobatus clarkii,792.02504126
Callorhinchus callorynchus,Malacoraja obscura,792.0250412630002
Callorhinchus callorynchus,Malacoraja senta,792.0250412630002
Callorhinchus callorynchus,Malacoraja kreffti,792.025041263
Callorhinchus callorynchus,Malacoraja spinacidermis,792.025041263
Callorhinchus callorynchus,Neoraja africana,792.0250412601
Callorhinchus callorynchus,Neoraja iberica,792.0250412582001
Callorhinchus callorynchus,Neoraja carolinensis,792.0250412582001
Callorhinchus callorynchus,Neoraja caerulea,792.0250412601
Callorhinchus callorynchus,Neoraja stehmanni,792.025041254
Callorhinchus callorynchus,Okamejei jensenae,792.025041251
Callorhinchus callorynchus,Raja velezi,792.025041254
Callorhinchus callorynchus,Raja eglanteria,792.025041254
Callorhinchus callorynchus,Rostroraja alba,792.025041251
Callorhinchus callorynchus,Fenestraja sinusmexicanus,792.025041257311
Callorhinchus callorynchus,Fenestraja sibogae,792.025041256311
Callorhinchus callorynchus,Fenestraja plutonia,792.025041256311
Callorhinchus callorynchus,Fenestraja cubensis,792.025041257311
Callorhinchus callorynchus,Fenestraja mamillidens,792.025041260141
Callorhinchus callorynchus,Fenestraja ishiyamai,792.025041260141
Callorhinchus callorynchus,Fenestraja atripinna,792.025041260311
Callorhinchus callorynchus,Fenestraja maceachrani,792.025041254
Callorhinchus callorynchus,Platyrhinoidis triseriata,792.0250412800001
Callorhinchus callorynchus,Platyrhina tangi,792.0250412070001
Callorhinchus callorynchus,Platyrhina sinensis,792.0250412070001
Callorhinchus callorynchus,Platyrhina hyugaensis,792.0250412060001
Callorhinchus callorynchus,Hypnos monopterygius,792.0250413100001
Callorhinchus callorynchus,Narcine timlei,792.0250422750001
Callorhinchus callorynchus,Narcine vermiculatus,792.0250412750001
Callorhinchus callorynchus,Narcine bicolor,792.0250412770001
Callorhinchus callorynchus,Narcine entemedor,792.0250422770001
Callorhinchus callorynchus,Narcine leoparda,792.0250412800001
Callorhinchus callorynchus,Narcine brunnea,792.0250412740002
Callorhinchus callorynchus,Narcine ornata,792.0250412740002
Callorhinchus callorynchus,Narcine insolita,792.0250412760001
Callorhinchus callorynchus,Narcine oculifera,792.0250412800001
Callorhinchus callorynchus,Narcine firma,792.0250412800001
Callorhinchus callorynchus,Narcine prodorsalis,792.0250412760001
Callorhinchus callorynchus,Narcine maculata,792.0250412800001
Callorhinchus callorynchus,Narcine brasiliensis,792.0250412723001
Callorhinchus callorynchus,Narcine nigra,792.0250412723001
Callorhinchus callorynchus,Narcine nelsoni,792.0250412720002
Callorhinchus callorynchus,Narcine brevilabiata,792.0250412740002
Callorhinchus callorynchus,Narcine atzi,792.0250412740002
Callorhinchus callorynchus,Narcine lingula,792.0250412740002
Callorhinchus callorynchus,Narcine bancroftii,792.0250412700001
Callorhinchus callorynchus,Narcine rierai,792.0250412700001
Callorhinchus callorynchus,Heteronarce garmani,792.0250412900001
Callorhinchus callorynchus,Heteronarce prabhui,792.0250412800001
Callorhinchus callorynchus,Heteronarce bentuviai,792.0250412800001
Callorhinchus callorynchus,Heteronarce mollis,792.0250412800001
Callorhinchus callorynchus,Crassinarke dormitor,792.0250412800001
Callorhinchus callorynchus,Temera hardwickii,792.0250412800001
Callorhinchus callorynchus,Electrolux addisoni,792.0250412800001
Callorhinchus callorynchus,Narke capensis,792.0250412800001
Callorhinchus callorynchus,Narke japonica,792.0250412800001
Callorhinchus callorynchus,Narke dipterygia,792.0250412800001
Callorhinchus callorynchus,Typhlonarke aysoni,792.0250412800002
Callorhinchus callorynchus,Typhlonarke tarakea,792.0250412800002
Callorhinchus callorynchus,Narcine westraliensis,792.0250402700002
Callorhinchus callorynchus,Narcine lasti,792.0250412700002
Callorhinchus callorynchus,Narcine tasmaniensis,792.0250412700002
Callorhinchus callorynchus,Benthobatis marcida,792.0250412700001
Callorhinchus callorynchus,Benthobatis yangi,792.0250412780001
Callorhinchus callorynchus,Benthobatis kreffti,792.0250412780001
Callorhinchus callorynchus,Benthobatis moresbyi,792.02504128
Callorhinchus callorynchus,Diplobatis pictus,792.0250412689
Callorhinchus callorynchus,Diplobatis colombiensis,792.0250412689
Callorhinchus callorynchus,Diplobatis ommata,792.0250412711001
Callorhinchus callorynchus,Diplobatis guamachensis,792.0250412711001
Callorhinchus callorynchus,Discopyge castelloi,792.0250412700001
Callorhinchus callorynchus,Discopyge tschudii,792.0250412700001
Callorhinchus callorynchus,Torpedo tremens,792.025040256
Callorhinchus callorynchus,Torpedo panthera,792.02504026
Callorhinchus callorynchus,Torpedo fairchildi,792.02504026
Callorhinchus callorynchus,Torpedo marmorata,792.025041257
Callorhinchus callorynchus,Torpedo peruana,792.025040257
Callorhinchus callorynchus,Torpedo formosa,792.025040256
Callorhinchus callorynchus,Torpedo microdiscus,792.025040256
Callorhinchus callorynchus,Torpedo puelcha,792.025040256
Callorhinchus callorynchus,Torpedo mackayana,792.025041256
Callorhinchus callorynchus,Torpedo adenensis,792.025040256
Callorhinchus callorynchus,Torpedo bauchotae,792.0250402610001
Callorhinchus callorynchus,Torpedo sinuspersici,792.0250412629
Callorhinchus callorynchus,Torpedo torpedo,792.0250412628999
Callorhinchus callorynchus,Torpedo tokionis,792.0250412628999
Callorhinchus callorynchus,Torpedo fuscomaculata,792.0250412679
Callorhinchus callorynchus,Torpedo suessii,792.0250402629001
Callorhinchus callorynchus,Torpedo semipelagica,792.0250402590001
Callorhinchus callorynchus,Torpedo andersoni,792.0250402590001
Callorhinchus callorynchus,Torpedo alexandrinsis,792.0250402550001
Callorhinchus callorynchus,Torpedo polleni,792.0250402550001
Callorhinchus callorynchus,Torpedo californica,792.0250402530002
Callorhinchus callorynchus,Torpedo nobiliana,792.0250402610001
Callorhinchus callorynchus,Torpedo macneilli,792.0250402610001
Callorhinchus callorynchus,Torpedo zugmayeri,792.02504031
Callorhinchus callorynchus,Trygonorrhina melaleuca,792.0250403550001
Callorhinchus callorynchus,Trygonorrhina dumerilii,792.0250403550001
Callorhinchus callorynchus,Trygonorrhina fasciata,792.0250403560001
Callorhinchus callorynchus,Zapteryx xyster,792.0250413421
Callorhinchus callorynchus,Zapteryx brevirostris,792.0250413221
Callorhinchus callorynchus,Zapteryx exasperata,792.0250413221
Callorhinchus callorynchus,Aptychotrema vincentiana,792.0250413159999
Callorhinchus callorynchus,Aptychotrema timorensis,792.0250413140001
Callorhinchus callorynchus,Aptychotrema rostrata,792.0250413140001
Callorhinchus callorynchus,Rhina ancylostoma,792.025041283
Callorhinchus callorynchus,Rhynchobatus luebberti,792.025041283
Callorhinchus callorynchus,Rhynchobatus australiae,792.025041278
Callorhinchus callorynchus,Rhynchobatus djiddensis,792.025041278
Callorhinchus callorynchus,Rhynchobatus palpebratus,792.0250412759999
Callorhinchus callorynchus,Rhynchobatus laevis,792.0250412759999
Callorhinchus callorynchus,Rhynchobatus springeri,792.025041283
Callorhinchus callorynchus,Glaucostegus cemiculus,792.025040283
Callorhinchus callorynchus,Glaucostegus granulatus,792.025040283
Callorhinchus callorynchus,Glaucostegus typus,792.025041282
Callorhinchus callorynchus,Glaucostegus thouin,792.025041282
Callorhinchus callorynchus,Glaucostegus obtusus,792.025040282
Callorhinchus callorynchus,Glaucostegus spinosus,792.025040282
Callorhinchus callorynchus,Glaucostegus microphthalmus,792.02504029
Callorhinchus callorynchus,Glaucostegus halavi,792.0250402830001
Callorhinchus callorynchus,Anoxypristis cuspidata,792.0250402620001
Callorhinchus callorynchus,Pristis pristis,792.0250402820001
Callorhinchus callorynchus,Pristis clavata,792.0250402820001
Callorhinchus callorynchus,Pristis zijsron,792.0250402820001
Callorhinchus callorynchus,Pristis pectinata,792.0250402820001
Callorhinchus callorynchus,Acroteriobatus blochii,792.0250402779999
Callorhinchus callorynchus,Rhinobatos lentiginosus,792.0250402779999
Callorhinchus callorynchus,Rhinobatos horkelii,792.025040283
Callorhinchus callorynchus,Rhinobatos percellens,792.025040283
Callorhinchus callorynchus,Rhinobatos productus,792.0250402829998
Callorhinchus callorynchus,Rhinobatos glaucostigma,792.0250402829998
Callorhinchus callorynchus,Rhinobatos sainsburyi,792.025040283
Callorhinchus callorynchus,Rhinobatos lionotus,792.0250403229999
Callorhinchus callorynchus,Acroteriobatus annulatus,792.0250402549999
Callorhinchus callorynchus,Rhinobatos prahli,792.0250402949998
Callorhinchus callorynchus,Rhinobatos hynnicephalus,792.0250402915998
Callorhinchus callorynchus,Rhinobatos albomaculatus,792.0250402915998
Callorhinchus callorynchus,Rhinobatos punctifer,792.0250412915998
Callorhinchus callorynchus,Rhinobatos rhinobatos,792.0250402865997
Callorhinchus callorynchus,Rhinobatos annandalei,792.0250402868998
Callorhinchus callorynchus,Acroteriobatus variegatus,792.0250402868998
Callorhinchus callorynchus,Rhinobatos leucorhynchus,792.0250402869998
Callorhinchus callorynchus,Rhinobatos formosensis,792.0250402899998
Callorhinchus callorynchus,Rhinobatos schlegelii,792.0250402899998
Callorhinchus callorynchus,Rhinobatos holcorhynchus,792.0250402869998
Callorhinchus callorynchus,Acroteriobatus zanzibarensis,792.0250402859999
Callorhinchus callorynchus,Rhinobatos penggali,792.0250402859999
Callorhinchus callorynchus,Rhinobatos irvinei,792.0250402859999
Callorhinchus callorynchus,Acroteriobatus ocellatus,792.0250402849998
Callorhinchus callorynchus,Acroteriobatus leucospilus,792.0250402849998
Callorhinchus callorynchus,Rhinobatos planiceps,792.0250402909999
Callorhinchus callorynchus,Rhinobatos nudidorsalis,792.0250402909999
Callorhinchus callorynchus,Acroteriobatus salalah,792.0250402909999
Callorhinchus callorynchus,Rhinobatos jimbaranensis,792.0250402949998
Callorhinchus callorynchus,Zanobatus schoenleinii,792.025040243
Callorhinchus callorynchus,Hexatrygon bickelli,792.025040323
Callorhinchus callorynchus,Urobatis jamaicensis,792.025040273
Callorhinchus callorynchus,Urotrygon microphthalmum,792.025040283
Callorhinchus callorynchus,Urotrygon venezuelae,792.0250402819998
Callorhinchus callorynchus,Urotrygon peruanus,792.0250402839999
Callorhinchus callorynchus,Urotrygon munda,792.0250402839999
Callorhinchus callorynchus,Urotrygon chilensis,792.0250402759999
Callorhinchus callorynchus,Urotrygon serrula,792.0250402759999
Callorhinchus callorynchus,Urotrygon rogersi,792.025040282
Callorhinchus callorynchus,Urotrygon reticulata,792.0250402829998
Callorhinchus callorynchus,Urotrygon aspidura,792.0250402829998
Callorhinchus callorynchus,Urotrygon simulatrix,792.025040268
Callorhinchus callorynchus,Urotrygon nana,792.025040268
Callorhinchus callorynchus,Urotrygon cimar,792.025040273
Callorhinchus callorynchus,Urotrygon caudispinosus,792.025040273
Callorhinchus callorynchus,Urobatis halleri,792.0250402731999
Callorhinchus callorynchus,Urobatis marmoratus,792.0250402731999
Callorhinchus callorynchus,Urobatis tumbesensis,792.0250402749999
Callorhinchus callorynchus,Urobatis maculatus,792.0250402751999
Callorhinchus callorynchus,Urobatis concentricus,792.0250402751999
Callorhinchus callorynchus,Himantura schmardae,792.025040283
Callorhinchus callorynchus,Himantura pacifica,792.025040283
Callorhinchus callorynchus,Potamotrygon hystrix,792.0250392849999
Callorhinchus callorynchus,Potamotrygon scobina,792.0250392863
Callorhinchus callorynchus,Potamotrygon boesemani,792.0250392863
Callorhinchus callorynchus,Plesiotrygon iwamae,792.0250402764
Callorhinchus callorynchus,Plesiotrygon nana,792.0250402764
Callorhinchus callorynchus,Potamotrygon leopoldi,792.0250392843999
Callorhinchus callorynchus,Potamotrygon tigrina,792.0250392843998
Callorhinchus callorynchus,Potamotrygon signata,792.0250392843998
Callorhinchus callorynchus,Potamotrygon ocellata,792.0250392883999
Callorhinchus callorynchus,Potamotrygon constellata,792.025039282
Callorhinchus callorynchus,Potamotrygon yepezi,792.0250402823749
Callorhinchus callorynchus,Potamotrygon schuemacheri,792.0250392823749
Callorhinchus callorynchus,Potamotrygon marinae,792.025039282
Callorhinchus callorynchus,Potamotrygon henlei,792.025039282
Callorhinchus callorynchus,Potamotrygon castexi,792.0250382809999
Callorhinchus callorynchus,Potamotrygon orbignyi,792.0250382809999
Callorhinchus callorynchus,Potamotrygon motoro,792.0250392819999
Callorhinchus callorynchus,Potamotrygon schroederi,792.0250392819999
Callorhinchus callorynchus,Potamotrygon humerosa,792.0250392819999
Callorhinchus callorynchus,Potamotrygon brachyura,792.0250392779999
Callorhinchus callorynchus,Potamotrygon tatianae,792.025039287
Callorhinchus callorynchus,Potamotrygon falkneri,792.025039287
Callorhinchus callorynchus,Potamotrygon dumerilii,792.0250392869999
Callorhinchus callorynchus,Potamotrygon magdalenae,792.0250392869999
Callorhinchus callorynchus,Paratrygon aiereba,792.025039283
Callorhinchus callorynchus,Heliotrygon gomesi,792.0250392799999
Callorhinchus callorynchus,Heliotrygon rosai,792.0250392799999
Callorhinchus callorynchus,Taeniura lymma,792.0250402839999
Callorhinchus callorynchus,Neotrygon ningalooensis,792.025039284
Callorhinchus callorynchus,Neotrygon annotata,792.025039284
Callorhinchus callorynchus,Neotrygon picta,792.0250402830001
Callorhinchus callorynchus,Neotrygon leylandi,792.0250402830001
Callorhinchus callorynchus,Neotrygon kuhlii,792.025040284
Callorhinchus callorynchus,Pteroplatytrygon violacea,792.025039287
Callorhinchus callorynchus,Dasyatis rudis,792.025040287
Callorhinchus callorynchus,Dasyatis gigantea,792.025040288
Callorhinchus callorynchus,Dasyatis brevicaudata,792.02503928
Callorhinchus callorynchus,Dasyatis matsubarai,792.02503928
Callorhinchus callorynchus,Dasyatis thetidis,792.02503928
Callorhinchus callorynchus,Dasyatis centroura,792.02503928
Callorhinchus callorynchus,Dasyatis ushiei,792.02503928
Callorhinchus callorynchus,Taeniurops grabata,792.025041284
Callorhinchus callorynchus,Taeniurops meyeni,792.025041284
Callorhinchus callorynchus,Dasyatis geijskesi,792.0250402698
Callorhinchus callorynchus,Dasyatis parvonigra,792.0250402698
Callorhinchus callorynchus,Dasyatis laosensis,792.0250402739999
Callorhinchus callorynchus,Dasyatis akajei,792.0250402739999
Callorhinchus callorynchus,Dasyatis fluviorum,792.0250402720001
Callorhinchus callorynchus,Dasyatis acutirostra,792.0250402720001
Callorhinchus callorynchus,Dasyatis bennetti,792.0250402688001
Callorhinchus callorynchus,Dasyatis navarrae,792.0250402688001
Callorhinchus callorynchus,Dasyatis guttata,792.0250402779999
Callorhinchus callorynchus,Dasyatis laevigata,792.0250402779999
Callorhinchus callorynchus,Dasyatis tortonesei,792.0250402779999
Callorhinchus callorynchus,Dasyatis colarensis,792.0250402788
Callorhinchus callorynchus,Dasyatis izuensis,792.0250402788
Callorhinchus callorynchus,Dasyatis hypostigma,792.025040275
Callorhinchus callorynchus,Dasyatis zugei,792.025040275
Callorhinchus callorynchus,Dasyatis pastinaca,792.0250402810001
Callorhinchus callorynchus,Dasyatis garouaensis,792.0250402810001
Callorhinchus callorynchus,Dasyatis sinensis,792.025040276
Callorhinchus callorynchus,Dasyatis chrysonota,792.025040276
Callorhinchus callorynchus,Dasyatis dipterura,792.025040284
Callorhinchus callorynchus,Dasyatis say,792.025040284
Callorhinchus callorynchus,Dasyatis marmorata,792.025040284
Callorhinchus callorynchus,Dasyatis americana,792.0250402900001
Callorhinchus callorynchus,Dasyatis longa,792.0250402900001
Callorhinchus callorynchus,Dasyatis sabina,792.0250402900001
Callorhinchus callorynchus,Dasyatis multispinosa,792.0250402900001
Callorhinchus callorynchus,Dasyatis hastata,792.025040283
Callorhinchus callorynchus,Dasyatis marianae,792.025040283
Callorhinchus callorynchus,Dasyatis microps,792.025040288
Callorhinchus callorynchus,Dasyatis margaritella,792.025040288
Callorhinchus callorynchus,Dasyatis margarita,792.025040288
Callorhinchus callorynchus,Himantura polylepis,792.025040293
Callorhinchus callorynchus,Urogymnus asperrimus,792.025040293
Callorhinchus callorynchus,Urogymnus ukpam,792.025040293
Callorhinchus callorynchus,Himantura granulata,792.025040292
Callorhinchus callorynchus,Himantura kittipongi,792.025040303
Callorhinchus callorynchus,Himantura lobistoma,792.025040303
Callorhinchus callorynchus,Himantura signifer,792.0250402930001
Callorhinchus callorynchus,Himantura oxyrhyncha,792.0250402930001
Callorhinchus callorynchus,Himantura imbricata,792.0250402993
Callorhinchus callorynchus,Dasyatis lata,792.0250402993
Callorhinchus callorynchus,Himantura walga,792.0250413030001
Callorhinchus callorynchus,Himantura gerrardi,792.025041299
Callorhinchus callorynchus,Himantura dalyensis,792.025040299
Callorhinchus callorynchus,Himantura undulata,792.0250402930001
Callorhinchus callorynchus,Himantura uarnak,792.0250402930001
Callorhinchus callorynchus,Himantura leoparda,792.0250412930001
Callorhinchus callorynchus,Himantura uarnacoides,792.0250412940001
Callorhinchus callorynchus,Himantura pastinacoides,792.0250412940001
Callorhinchus callorynchus,Himantura astra,792.025041299
Callorhinchus callorynchus,Himantura toshi,792.025041299
Callorhinchus callorynchus,Himantura jenkinsii,792.025041299
Callorhinchus callorynchus,Himantura randalli,792.025040303
Callorhinchus callorynchus,Himantura hortlei,792.025040299
Callorhinchus callorynchus,Himantura marginata,792.025040299
Callorhinchus callorynchus,Himantura fai,792.025040297
Callorhinchus callorynchus,Makararaja chindwinensis,792.0250402879999
Callorhinchus callorynchus,Pastinachus stellurostris,792.0250402893998
Callorhinchus callorynchus,Pastinachus solocirostris,792.0250402893998
Callorhinchus callorynchus,Pastinachus atrus,792.0250402893998
Callorhinchus callorynchus,Pastinachus sephen,792.0250402853999
Callorhinchus callorynchus,Pastinachus gracilicaudus,792.0250402853999
Callorhinchus callorynchus,Plesiobatis daviesi,792.0250403279999
Callorhinchus callorynchus,Trygonoptera testacea,792.02504129
Callorhinchus callorynchus,Trygonoptera imitata,792.02504129
Callorhinchus callorynchus,Trygonoptera mucosa,792.02504129
Callorhinchus callorynchus,Trygonoptera personata,792.0250412900001
Callorhinchus callorynchus,Trygonoptera galba,792.02504029
Callorhinchus callorynchus,Trygonoptera ovalis,792.02504029
Callorhinchus callorynchus,Urolophus piperatus,792.0250392879999
Callorhinchus callorynchus,Urolophus deforgesi,792.0250392879999
Callorhinchus callorynchus,Urolophus flavomosaicus,792.0250392859999
Callorhinchus callorynchus,Urolophus bucculentus,792.0250392859999
Callorhinchus callorynchus,Urolophus lobatus,792.0250402839999
Callorhinchus callorynchus,Urolophus circularis,792.0250392859998
Callorhinchus callorynchus,Urolophus armatus,792.0250392859998
Callorhinchus callorynchus,Urolophus sufflavus,792.0250392856998
Callorhinchus callorynchus,Urolophus cruciatus,792.0250392856998
Callorhinchus callorynchus,Urolophus kapalensis,792.0250392929998
Callorhinchus callorynchus,Urolophus orarius,792.0250392929998
Callorhinchus callorynchus,Urolophus paucimaculatus,792.0250392929998
Callorhinchus callorynchus,Urolophus gigas,792.0250392939998
Callorhinchus callorynchus,Urolophus papilio,792.0250392939998
Callorhinchus callorynchus,Urolophus neocaledoniensis,792.025039284
Callorhinchus callorynchus,Urolophus kaianus,792.0250392882
Callorhinchus callorynchus,Urolophus viridis,792.0250392882
Callorhinchus callorynchus,Urolophus expansus,792.0250392879999
Callorhinchus callorynchus,Urolophus aurantiacus,792.0250392889999
Callorhinchus callorynchus,Urolophus mitosis,792.0250392889999
Callorhinchus callorynchus,Urolophus westraliensis,792.0250392929998
Callorhinchus callorynchus,Urolophus javanicus,792.0250392929998
Callorhinchus callorynchus,Aetobatus flagellum,792.0250402879999
Callorhinchus callorynchus,Aetobatus narinari,792.0250402879999
Callorhinchus callorynchus,Aetomylaeus nichofii,792.0250392820001
Callorhinchus callorynchus,Aetomylaeus maculatus,792.0250392820001
Callorhinchus callorynchus,Pteromylaeus bovinus,792.0250392820001
Callorhinchus callorynchus,Pteromylaeus asperrimus,792.0250392820001
Callorhinchus callorynchus,Aetomylaeus vespertilio,792.0250392820001
Callorhinchus callorynchus,Myliobatis tenuicaudatus,792.0250402770001
Callorhinchus callorynchus,Myliobatis californicus,792.0250402770001
Callorhinchus callorynchus,Myliobatis ridens,792.0250402783502
Callorhinchus callorynchus,Myliobatis peruvianus,792.0250402833502
Callorhinchus callorynchus,Myliobatis longirostris,792.0250402833502
Callorhinchus callorynchus,Myliobatis freminvillei,792.0250402783503
Callorhinchus callorynchus,Myliobatis australis,792.0250402840002
Callorhinchus callorynchus,Myliobatis goodei,792.025040284
Callorhinchus callorynchus,Myliobatis chilensis,792.0250402813001
Callorhinchus callorynchus,Myliobatis tobijei,792.0250402813001
Callorhinchus callorynchus,Myliobatis aquila,792.0250402800001
Callorhinchus callorynchus,Myliobatis hamlyni,792.0250402820001
Callorhinchus callorynchus,Myliobatis rhombus,792.0250402820001
Callorhinchus callorynchus,Rhinoptera peli,792.0250402900001
Callorhinchus callorynchus,Rhinoptera bonasus,792.0250402890001
Callorhinchus callorynchus,Rhinoptera sewelli,792.0250402900001
Callorhinchus callorynchus,Rhinoptera adspersa,792.0250402900001
Callorhinchus callorynchus,Rhinoptera jayakari,792.0250402890001
Callorhinchus callorynchus,Rhinoptera steindachneri,792.0250402910002
Callorhinchus callorynchus,Rhinoptera hainanensis,792.0250402910002
Callorhinchus callorynchus,Rhinoptera neglecta,792.0250402850002
Callorhinchus callorynchus,Rhinoptera brasiliensis,792.0250402850002
Callorhinchus callorynchus,Rhinoptera javanica,792.0250402860001
Callorhinchus callorynchus,Rhinoptera marginata,792.0250402850002
Callorhinchus callorynchus,Mobula diabolus,792.0250402780001
Callorhinchus callorynchus,Mobula hypostoma,792.0250402780001
Callorhinchus callorynchus,Mobula munkiana,792.0250402780001
Callorhinchus callorynchus,Mobula eregoodootenkee,792.0250402880001
Callorhinchus callorynchus,Manta birostris,792.0250402920002
Callorhinchus callorynchus,Manta alfredi,792.0250402920002
Callorhinchus callorynchus,Mobula japanica,792.0250402950002
Callorhinchus callorynchus,Mobula rochebrunei,792.0250402950002
Callorhinchus callorynchus,Mobula kuhlii,792.0250402930001
Callorhinchus callorynchus,Mobula tarapacana,792.0250402930001
Callorhinchus callorynchus,Mobula mobular,792.0250402887002
Callorhinchus callorynchus,Mobula thurstoni,792.0250402887002
Callorhinchus callorynchus,Gymnura crooki,792.0250402859
Callorhinchus callorynchus,Gymnura tentaculata,792.0250402859
Callorhinchus callorynchus,Gymnura marmorata,792.025039293
Callorhinchus callorynchus,Gymnura natalensis,792.025040297
Callorhinchus callorynchus,Gymnura altavela,792.025040292
Callorhinchus callorynchus,Gymnura crebripunctata,792.025040292
Callorhinchus callorynchus,Gymnura micrura,792.025040283
Callorhinchus callorynchus,Gymnura bimaculata,792.0250402829998
Callorhinchus callorynchus,Gymnura australis,792.0250402829998
Callorhinchus callorynchus,Gymnura zonura,792.025040283
Callorhinchus callorynchus,Gymnura afuerae,792.025040283
Callorhinchus callorynchus,Gymnura poecilura,792.025040289
Callorhinchus callorynchus,Gymnura japonica,792.025040289
Callorhinchus callorynchus,Gymnura hirundo,792.0250402869999
Callorhinchus callorynchus,Chlamydoselachus anguineus,792.0250402910001
Callorhinchus callorynchus,Chlamydoselachus africana,792.0250402910001
Callorhinchus callorynchus,Notorynchus cepedianus,792.025040311
Callorhinchus callorynchus,Hexanchus nakamurai,792.025040314
Callorhinchus callorynchus,Hexanchus griseus,792.025040319
Callorhinchus callorynchus,Hexanchus vitulus,792.025040319
Callorhinchus callorynchus,Heptranchias perlo,792.025040311
Callorhinchus callorynchus,Pliotrema warreni,792.0250402963002
Callorhinchus callorynchus,Pristiophorus japonicus,792.0250392863002
Callorhinchus callorynchus,Pristiophorus delicatus,792.0250392863002
Callorhinchus callorynchus,Pristiophorus nudipinnis,792.0250392943002
Callorhinchus callorynchus,Pristiophorus nancyae,792.0250392943002
Callorhinchus callorynchus,Pristiophorus schroederi,792.0250392963002
Callorhinchus callorynchus,Pristiophorus cirratus,792.0250392963002
Callorhinchus callorynchus,Echinorhinus brucus,792.0250402910001
Callorhinchus callorynchus,Echinorhinus cookei,792.0250402910001
Callorhinchus callorynchus,Squatina caillieti,792.0250412900001
Callorhinchus callorynchus,Squatina tergocellatoides,792.0250412900001
Callorhinchus callorynchus,Squatina japonica,792.0250422800001
Callorhinchus callorynchus,Squatina legnota,792.0250422900001
Callorhinchus callorynchus,Squatina formosa,792.0250422900001
Callorhinchus callorynchus,Squatina nebulosa,792.0250422900001
Callorhinchus callorynchus,Squatina pseudocellata,792.025041299
Callorhinchus callorynchus,Squatina tergocellata,792.025041299
Callorhinchus callorynchus,Squatina albipunctata,792.0250413
Callorhinchus callorynchus,Squatina australis,792.0250412940001
Callorhinchus callorynchus,Squatina argentina,792.0250412940001
Callorhinchus callorynchus,Squatina oculata,792.0250412940001
Callorhinchus callorynchus,Squatina africana,792.0250422940001
Callorhinchus callorynchus,Squatina squatina,792.025041299
Callorhinchus callorynchus,Squatina aculeata,792.025041299
Callorhinchus callorynchus,Squatina armata,792.0250422900001
Callorhinchus callorynchus,Squatina californica,792.0250422930001
Callorhinchus callorynchus,Squatina dumeril,792.0250422940001
Callorhinchus callorynchus,Squatina occulta,792.0250422930001
Callorhinchus callorynchus,Squatina guggenheim,792.0250422930001
Callorhinchus callorynchus,Deania quadrispinosa,792.025041327
Callorhinchus callorynchus,Deania profundorum,792.025041327
Callorhinchus callorynchus,Deania hystricosa,792.0250403220001
Callorhinchus callorynchus,Deania calcea,792.0250403220001
Callorhinchus callorynchus,Centrophorus zeehaani,792.0250403210001
Callorhinchus callorynchus,Centrophorus atromarginatus,792.0250403230001
Callorhinchus callorynchus,Centrophorus lusitanicus,792.0250403230001
Callorhinchus callorynchus,Centrophorus harrissoni,792.025041327
Callorhinchus callorynchus,Centrophorus isodon,792.025041327
Callorhinchus callorynchus,Centrophorus westraliensis,792.0250403250001
Callorhinchus callorynchus,Centrophorus tessellatus,792.0250403240001
Callorhinchus callorynchus,Centrophorus granulosus,792.0250413240001
Callorhinchus callorynchus,Centrophorus seychellorum,792.025040321
Callorhinchus callorynchus,Centrophorus squamosus,792.025041321
Callorhinchus callorynchus,Centrophorus moluccensis,792.02504132
Callorhinchus callorynchus,Somniosus rostratus,792.0250402869001
Callorhinchus callorynchus,Somniosus pacificus,792.0250412869001
Callorhinchus callorynchus,Somniosus antarcticus,792.0250412869001
Callorhinchus callorynchus,Somniosus microcephalus,792.0250402879002
Callorhinchus callorynchus,Somniosus longus,792.0250402879002
Callorhinchus callorynchus,Centroscymnus coelolepis,792.0250402369
Callorhinchus callorynchus,Scymnodon ringens,792.0250412419
Callorhinchus callorynchus,Scymnodalatias albicauda,792.0250402429001
Callorhinchus callorynchus,Scymnodalatias garricki,792.0250402429001
Callorhinchus callorynchus,Scymnodalatias oligodon,792.0250402409001
Callorhinchus callorynchus,Scymnodalatias sherwoodi,792.0250402409001
Callorhinchus callorynchus,Proscymnodon plunketi,792.0250412319001
Callorhinchus callorynchus,Proscymnodon macracanthus,792.0250412319001
Callorhinchus callorynchus,Centroscymnus owstonii,792.0250412379002
Callorhinchus callorynchus,Oxynotus centrina,792.0250402429001
Callorhinchus callorynchus,Oxynotus paradoxus,792.0250402429001
Callorhinchus callorynchus,Oxynotus caribbaeus,792.0250402429001
Callorhinchus callorynchus,Oxynotus bruniensis,792.0250402429001
Callorhinchus callorynchus,Oxynotus japonicus,792.0250402429001
Callorhinchus callorynchus,Zameus squamulosus,792.0250402469001
Callorhinchus callorynchus,Zameus ichiharai,792.0250402469001
Callorhinchus callorynchus,Centroselachus crepidater,792.0250402469001
Callorhinchus callorynchus,Isistius labialis,792.0250402810001
Callorhinchus callorynchus,Isistius brasiliensis,792.0250402810001
Callorhinchus callorynchus,Isistius plutodus,792.0250402810002
Callorhinchus callorynchus,Heteroscymnoides marleyi,792.0250402840002
Callorhinchus callorynchus,Dalatias licha,792.0250402840002
Callorhinchus callorynchus,Euprotomicroides zantedeschia,792.0250402860001
Callorhinchus callorynchus,Mollisquama parini,792.0250402860001
Callorhinchus callorynchus,Squaliolus laticaudus,792.0250392710001
Callorhinchus callorynchus,Squaliolus aliae,792.0250392710002
Callorhinchus callorynchus,Euprotomicrus bispinatus,792.0250392710002
Callorhinchus callorynchus,Cirrhigaleus asper,792.0250402510001
Callorhinchus callorynchus,Cirrhigaleus barbifer,792.025039247
Callorhinchus callorynchus,Cirrhigaleus australis,792.025039247
Callorhinchus callorynchus,Squalus albifrons,792.0250402560001
Callorhinchus callorynchus,Squalus raoulensis,792.0250402560001
Callorhinchus callorynchus,Squalus acanthias,792.0250402550001
Callorhinchus callorynchus,Squalus suckleyi,792.0250402550001
Callorhinchus callorynchus,Squalus altipinnis,792.0250402560001
Callorhinchus callorynchus,Squalus rancureli,792.0250402540001
Callorhinchus callorynchus,Squalus blainville,792.0250402530002
Callorhinchus callorynchus,Squalus grahami,792.0250412530002
Callorhinchus callorynchus,Squalus nasutus,792.0250412540001
Callorhinchus callorynchus,Squalus japonicus,792.0250412550001
Callorhinchus callorynchus,Squalus melanurus,792.0250402550001
Callorhinchus callorynchus,Squalus chloroculus,792.0250412540001
Callorhinchus callorynchus,Squalus mitsukurii,792.0250402540001
Callorhinchus callorynchus,Squalus montalbani,792.0250402540001
Callorhinchus callorynchus,Squalus cubensis,792.0250412540001
Callorhinchus callorynchus,Squalus edmundsi,792.0250412540001
Callorhinchus callorynchus,Squalus formosus,792.0250402536001
Callorhinchus callorynchus,Squalus hemipinnis,792.0250412536001
Callorhinchus callorynchus,Squalus crassispinus,792.0250402540001
Callorhinchus callorynchus,Squalus megalops,792.0250402620001
Callorhinchus callorynchus,Squalus brevirostris,792.0250402609
Callorhinchus callorynchus,Squalus notocaudatus,792.0250402609
Callorhinchus callorynchus,Squalus griffini,792.0250402480001
Callorhinchus callorynchus,Squalus lalannei,792.0250402480001
Callorhinchus callorynchus,Squalus bucephalus,792.0250402560001
Callorhinchus callorynchus,Aculeola nigra,792.0250402810001
Callorhinchus callorynchus,Centroscyllium nigrum,792.025040279
Callorhinchus callorynchus,Centroscyllium granulatum,792.025040279
Callorhinchus callorynchus,Centroscyllium kamoharai,792.02504028
Callorhinchus callorynchus,Centroscyllium ritteri,792.02504028
Callorhinchus callorynchus,Centroscyllium ornatum,792.02504028
Callorhinchus callorynchus,Centroscyllium excelsum,792.02504028
Callorhinchus callorynchus,Centroscyllium fabricii,792.02504028
Callorhinchus callorynchus,Trigonognathus kabeyai,792.0250403060002
Callorhinchus callorynchus,Etmopterus sheikoi,792.0250412860001
Callorhinchus callorynchus,Etmopterus decacuspidatus,792.0250402810002
Callorhinchus callorynchus,Etmopterus brachyurus,792.0250412810002
Callorhinchus callorynchus,Etmopterus molleri,792.0250412830002
Callorhinchus callorynchus,Etmopterus dislineatus,792.0250412860001
Callorhinchus callorynchus,Etmopterus lucifer,792.0250412860001
Callorhinchus callorynchus,Etmopterus villosus,792.0250402900001
Callorhinchus callorynchus,Etmopterus pseudosqualiolus,792.0250402900001
Callorhinchus callorynchus,Etmopterus joungi,792.0250402860001
Callorhinchus callorynchus,Etmopterus splendidus,792.0250402860001
Callorhinchus callorynchus,Etmopterus fusus,792.0250402870003
Callorhinchus callorynchus,Etmopterus perryi,792.0250402870003
Callorhinchus callorynchus,Etmopterus schmidti,792.0250402800001
Callorhinchus callorynchus,Etmopterus evansi,792.0250402802001
Callorhinchus callorynchus,Etmopterus sentosus,792.0250412802001
Callorhinchus callorynchus,Etmopterus hillianus,792.0250402850002
Callorhinchus callorynchus,Etmopterus robinsi,792.0250402850002
Callorhinchus callorynchus,Etmopterus pusillus,792.0250412860001
Callorhinchus callorynchus,Etmopterus bigelowi,792.0250412860001
Callorhinchus callorynchus,Etmopterus unicolor,792.0250402880001
Callorhinchus callorynchus,Etmopterus princeps,792.0250402920002
Callorhinchus callorynchus,Etmopterus spinax,792.0250402920002
Callorhinchus callorynchus,Etmopterus granulosus,792.0250402910001
Callorhinchus callorynchus,Etmopterus dianthus,792.025041296
Callorhinchus callorynchus,Etmopterus schultzi,792.0250412980002
Callorhinchus callorynchus,Etmopterus pycnolepis,792.0250402970003
Callorhinchus callorynchus,Etmopterus caudistigmus,792.0250402970003
Callorhinchus callorynchus,Etmopterus polli,792.0250412970003
Callorhinchus callorynchus,Etmopterus virens,792.0250412980002
Callorhinchus callorynchus,Etmopterus sculptus,792.0250402980002
Callorhinchus callorynchus,Etmopterus viator,792.0250402980002
Callorhinchus callorynchus,Etmopterus carteri,792.0250402984002
Callorhinchus callorynchus,Etmopterus compagnoi,792.0250402984002
Callorhinchus callorynchus,Etmopterus bullisi,792.0250402994002
Callorhinchus callorynchus,Etmopterus burgessi,792.0250402960002
Callorhinchus callorynchus,Etmopterus litvinovi,792.0250402960002
Callorhinchus callorynchus,Etmopterus gracilispinis,792.0250412920002
Callorhinchus callorynchus,Heterodontus francisci,792.0250402610002
Callorhinchus callorynchus,Heterodontus quoyi,792.0250402610002
Callorhinchus callorynchus,Heterodontus omanensis,792.0250402610002
Callorhinchus callorynchus,Heterodontus zebra,792.0250402649001
Callorhinchus callorynchus,Heterodontus ramalheira,792.0250402579002
Callorhinchus callorynchus,Heterodontus portusjacksoni,792.0250402579002
Callorhinchus callorynchus,Heterodontus galeatus,792.0250402650001
Callorhinchus callorynchus,Heterodontus mexicanus,792.0250402610002
Callorhinchus callorynchus,Heterodontus japonicus,792.0250402610002
Callorhinchus callorynchus,Parascyllium ferrugineum,792.025040298
Callorhinchus callorynchus,Parascyllium elongatum,792.025040298
Callorhinchus callorynchus,Parascyllium sparsimaculatum,792.025040297
Callorhinchus callorynchus,Parascyllium collare,792.0250403010001
Callorhinchus callorynchus,Parascyllium variolatum,792.0250403010001
Callorhinchus callorynchus,Cirrhoscyllium expolitum,792.0250403010001
Callorhinchus callorynchus,Cirrhoscyllium japonicum,792.0250402963001
Callorhinchus callorynchus,Cirrhoscyllium formosanum,792.0250402963001
Callorhinchus callorynchus,Brachaelurus colcloughi,792.0250402810001
Callorhinchus callorynchus,Brachaelurus waddi,792.0250402810001
Callorhinchus callorynchus,Eucrossorhinus dasypogon,792.025040261
Callorhinchus callorynchus,Orectolobus maculatus,792.025040257
Callorhinchus callorynchus,Orectolobus leptolineatus,792.025040257
Callorhinchus callorynchus,Orectolobus wardi,792.025040257
Callorhinchus callorynchus,Orectolobus parvimaculatus,792.025041257
Callorhinchus callorynchus,Orectolobus hutchinsi,792.0250412569999
Callorhinchus callorynchus,Orectolobus reticulatus,792.0250402569999
Callorhinchus callorynchus,Orectolobus japonicus,792.0250402569999
Callorhinchus callorynchus,Sutorectus tentaculatus,792.0250402519999
Callorhinchus callorynchus,Orectolobus floridus,792.0250402519999
Callorhinchus callorynchus,Orectolobus halei,792.0250402519999
Callorhinchus callorynchus,Orectolobus ornatus,792.0250402519999
Callorhinchus callorynchus,Rhincodon typus,792.0250403110001
Callorhinchus callorynchus,Pseudoginglymostoma brevicaudatum,792.0250403110001
Callorhinchus callorynchus,Nebrius ferrugineus,792.0250402810002
Callorhinchus callorynchus,Stegostoma fasciatum,792.0250402810003
Callorhinchus callorynchus,Ginglymostoma cirratum,792.0250402810003
Callorhinchus callorynchus,Hemiscyllium michaeli,792.025040276
Callorhinchus callorynchus,Hemiscyllium hallstromi,792.025040276
Callorhinchus callorynchus,Hemiscyllium ocellatum,792.0250402791002
Callorhinchus callorynchus,Hemiscyllium henryi,792.0250402791002
Callorhinchus callorynchus,Hemiscyllium galei,792.0250402822002
Callorhinchus callorynchus,Hemiscyllium trispeculare,792.0250402822002
Callorhinchus callorynchus,Hemiscyllium strahani,792.0250402832002
Callorhinchus callorynchus,Hemiscyllium freycineti,792.0250402832002
Callorhinchus callorynchus,Chiloscyllium burmensis,792.0250402800002
Callorhinchus callorynchus,Chiloscyllium punctatum,792.0250392800002
Callorhinchus callorynchus,Chiloscyllium arabicum,792.0250402760001
Callorhinchus callorynchus,Chiloscyllium indicum,792.0250392760001
Callorhinchus callorynchus,Chiloscyllium plagiosum,792.0250392800002
Callorhinchus callorynchus,Chiloscyllium hasseltii,792.0250402743002
Callorhinchus callorynchus,Chiloscyllium griseum,792.0250402743002
Callorhinchus callorynchus,Mitsukurina owstoni,792.0250402910001
Callorhinchus callorynchus,Alopias superciliosus,792.0250402510001
Callorhinchus callorynchus,Alopias vulpinus,792.0250402710001
Callorhinchus callorynchus,Megachasma pelagios,792.0250402710001
Callorhinchus callorynchus,Pseudocarcharias kamoharai,792.0250402710001
Callorhinchus callorynchus,Alopias pelagicus,792.0250402610001
Callorhinchus callorynchus,Odontaspis noronhai,792.0250402710001
Callorhinchus callorynchus,Odontaspis ferox,792.0250402710001
Callorhinchus callorynchus,Carcharias taurus,792.0250402910001
Callorhinchus callorynchus,Cetorhinus maximus,792.025040241
Callorhinchus callorynchus,Lamna ditropis,792.025040271
Callorhinchus callorynchus,Lamna nasus,792.025040271
Callorhinchus callorynchus,Carcharodon carcharias,792.0250402730001
Callorhinchus callorynchus,Isurus oxyrinchus,792.0250402730001
Callorhinchus callorynchus,Isurus paucus,792.0250402730001
Callorhinchus callorynchus,Cephalurus cephalus,792.0250412801001
Callorhinchus callorynchus,Poroderma pantherinum,792.0250412821001
Callorhinchus callorynchus,Poroderma africanum,792.0250412821001
Callorhinchus callorynchus,Scyliorhinus meadi,792.0250412851001
Callorhinchus callorynchus,Scyliorhinus retifer,792.0250412851001
Callorhinchus callorynchus,Scyliorhinus besnardi,792.0250412811
Callorhinchus callorynchus,Scyliorhinus tokubee,792.0250412834
Callorhinchus callorynchus,Scyliorhinus cervigoni,792.0250412844
Callorhinchus callorynchus,Scyliorhinus hesperius,792.0250412844
Callorhinchus callorynchus,Scyliorhinus boa,792.0250412861
Callorhinchus callorynchus,Scyliorhinus stellaris,792.0250412861
Callorhinchus callorynchus,Scyliorhinus canicula,792.0250412861
Callorhinchus callorynchus,Scyliorhinus capensis,792.0250412841
Callorhinchus callorynchus,Scyliorhinus garmani,792.0250412851
Callorhinchus callorynchus,Scyliorhinus comoroensis,792.0250412851
Callorhinchus callorynchus,Scyliorhinus haeckelii,792.0250412801
Callorhinchus callorynchus,Scyliorhinus torrei,792.0250412801
Callorhinchus callorynchus,Cephaloscyllium silasi,792.0250402801
Callorhinchus callorynchus,Cephaloscyllium zebrum,792.0250402801
Callorhinchus callorynchus,Cephaloscyllium signourum,792.0250402801
Callorhinchus callorynchus,Cephaloscyllium maculatum,792.0250402741
Callorhinchus callorynchus,Cephaloscyllium sarawakensis,792.0250402741
Callorhinchus callorynchus,Cephaloscyllium albipinnum,792.0250402741
Callorhinchus callorynchus,Cephaloscyllium hiscosellum,792.0250402771001
Callorhinchus callorynchus,Cephaloscyllium pardelotum,792.0250402771001
Callorhinchus callorynchus,Cephaloscyllium laticeps,792.0250412721
Callorhinchus callorynchus,Cephaloscyllium speccum,792.0250402721
Callorhinchus callorynchus,Cephaloscyllium sufflans,792.0250402781
Callorhinchus callorynchus,Cephaloscyllium stevensi,792.0250402781
Callorhinchus callorynchus,Cephaloscyllium cooki,792.0250402811
Callorhinchus callorynchus,Cephaloscyllium umbratile,792.0250412811
Callorhinchus callorynchus,Cephaloscyllium variegatum,792.0250402781
Callorhinchus callorynchus,Cephaloscyllium fasciatum,792.0250402801
Callorhinchus callorynchus,Cephaloscyllium isabellum,792.0250402790999
Callorhinchus callorynchus,Cephaloscyllium ventriosum,792.0250402790999
Callorhinchus callorynchus,Cephaloscyllium pictum,792.0250402790999
Callorhinchus callorynchus,Scyliorhinus torazame,792.0250402701
Callorhinchus callorynchus,Schroederichthys saurisqualus,792.0250412331001
Callorhinchus callorynchus,Schroederichthys tenuis,792.0250412331001
Callorhinchus callorynchus,Schroederichthys bivius,792.0250412381001
Callorhinchus callorynchus,Schroederichthys maculatus,792.0250412381001
Callorhinchus callorynchus,Schroederichthys chilensis,792.0250412301001
Callorhinchus callorynchus,Aulohalaelurus labiosus,792.0250412801
Callorhinchus callorynchus,Aulohalaelurus kanakorum,792.0250412801
Callorhinchus callorynchus,Atelomycterus baliensis,792.0250412701
Callorhinchus callorynchus,Atelomycterus marmoratus,792.0250412701
Callorhinchus callorynchus,Atelomycterus macleayi,792.0250412801
Callorhinchus callorynchus,Atelomycterus fasciatus,792.0250412771001
Callorhinchus callorynchus,Atelomycterus marnkalha,792.0250412771001
Callorhinchus callorynchus,Bythaelurus hispidus,792.0250412771
Callorhinchus callorynchus,Bythaelurus clevai,792.0250412771
Callorhinchus callorynchus,Bythaelurus lutarius,792.0250412761001
Callorhinchus callorynchus,Bythaelurus dawsoni,792.0250412761001
Callorhinchus callorynchus,Bythaelurus canescens,792.025041273
Callorhinchus callorynchus,Bythaelurus incanus,792.025041273
Callorhinchus callorynchus,Bythaelurus giddingsi,792.025041276
Callorhinchus callorynchus,Bythaelurus alcockii,792.025041276
Callorhinchus callorynchus,Bythaelurus immaculatus,792.0250412761001
Callorhinchus callorynchus,Figaro boardmani,792.0250402801001
Callorhinchus callorynchus,Figaro striatus,792.0250402801001
Callorhinchus callorynchus,Asymbolus occiduus,792.0250412691
Callorhinchus callorynchus,Asymbolus submaculatus,792.0250412691
Callorhinchus callorynchus,Asymbolus funebris,792.0250412720999
Callorhinchus callorynchus,Asymbolus parvus,792.0250412710999
Callorhinchus callorynchus,Asymbolus galacticus,792.0250412710999
Callorhinchus callorynchus,Asymbolus rubiginosus,792.0250412691
Callorhinchus callorynchus,Asymbolus pallidus,792.0250412721
Callorhinchus callorynchus,Asymbolus analis,792.0250412721
Callorhinchus callorynchus,Asymbolus vincenti,792.0250412721
Callorhinchus callorynchus,Galeus murinus,792.0250412701
Callorhinchus callorynchus,Galeus antillensis,792.0250412721
Callorhinchus callorynchus,Galeus gracilis,792.0250412731
Callorhinchus callorynchus,Galeus priapus,792.0250412731
Callorhinchus callorynchus,Galeus arae,792.0250412710999
Callorhinchus callorynchus,Galeus atlanticus,792.0250412771
Callorhinchus callorynchus,Galeus springeri,792.0250412771
Callorhinchus callorynchus,Galeus polli,792.0250412851
Callorhinchus callorynchus,Galeus longirostris,792.0250412851
Callorhinchus callorynchus,Galeus melastomus,792.0250412851
Callorhinchus callorynchus,Galeus nipponensis,792.0250412751
Callorhinchus callorynchus,Galeus cadenati,792.0250412751
Callorhinchus callorynchus,Galeus mincaronei,792.0250412761001
Callorhinchus callorynchus,Galeus schultzi,792.0250412761001
Callorhinchus callorynchus,Galeus piperatus,792.0250412771001
Callorhinchus callorynchus,Apristurus profundorum,792.0250412641001
Callorhinchus callorynchus,Apristurus pinguis,792.0250412641001
Callorhinchus callorynchus,Apristurus albisoma,792.0250412741002
Callorhinchus callorynchus,Apristurus aphyodes,792.0250402771002
Callorhinchus callorynchus,Apristurus fedorovi,792.0250402761002
Callorhinchus callorynchus,Apristurus kampae,792.0250402741002
Callorhinchus callorynchus,Apristurus nasutus,792.0250402741002
Callorhinchus callorynchus,Apristurus indicus,792.0250402764002
Callorhinchus callorynchus,Apristurus ampliceps,792.0250412734002
Callorhinchus callorynchus,Apristurus macrostomus,792.0250402734002
Callorhinchus callorynchus,Apristurus internatus,792.0250402701002
Callorhinchus callorynchus,Apristurus microps,792.0250402731003
Callorhinchus callorynchus,Apristurus manis,792.0250402731003
Callorhinchus callorynchus,Apristurus saldanha,792.0250402641001
Callorhinchus callorynchus,Apristurus parvipinnis,792.0250402641001
Callorhinchus callorynchus,Apristurus longicephalus,792.0250402641001
Callorhinchus callorynchus,Apristurus riveri,792.0250402711001
Callorhinchus callorynchus,Apristurus canutus,792.0250402711001
Callorhinchus callorynchus,Apristurus investigatoris,792.0250402741001
Callorhinchus callorynchus,Apristurus spongiceps,792.0250402651001
Callorhinchus callorynchus,Apristurus australis,792.0250402651001
Callorhinchus callorynchus,Apristurus sibogae,792.0250402651001
Callorhinchus callorynchus,Apristurus bucephalus,792.0250402671
Callorhinchus callorynchus,Apristurus melanoasper,792.0250412711001
Callorhinchus callorynchus,Apristurus japonicus,792.0250412720641
Callorhinchus callorynchus,Apristurus platyrhynchus,792.0250422720641
Callorhinchus callorynchus,Apristurus herklotsi,792.025040272184
Callorhinchus callorynchus,Apristurus sinensis,792.0250422731001
Callorhinchus callorynchus,Apristurus laurussonii,792.0250412731001
Callorhinchus callorynchus,Apristurus brunneus,792.0250412711001
Callorhinchus callorynchus,Apristurus exsanguis,792.0250402671002
Callorhinchus callorynchus,Apristurus gibbosus,792.0250402671002
Callorhinchus callorynchus,Apristurus macrorhynchus,792.0250402711001
Callorhinchus callorynchus,Apristurus stenseni,792.0250402711001
Callorhinchus callorynchus,Apristurus micropterygeus,792.0250402711001
Callorhinchus callorynchus,Parmaturus albipenis,792.0250402593
Callorhinchus callorynchus,Parmaturus xaniurus,792.0250402593
Callorhinchus callorynchus,Parmaturus pilosus,792.0250402621899
Callorhinchus callorynchus,Parmaturus albimarginatus,792.0250402621899
Callorhinchus callorynchus,Parmaturus campechiensis,792.0250402690999
Callorhinchus callorynchus,Parmaturus sp.,792.0250402631
Callorhinchus callorynchus,Parmaturus bigus,792.0250402620999
Callorhinchus callorynchus,Parmaturus macmillani,792.0250402620999
Callorhinchus callorynchus,Parmaturus lanatus,792.0250402651
Callorhinchus callorynchus,Parmaturus melanobranchus,792.0250402651
Callorhinchus callorynchus,Galeus eastmani,792.0250402611001
Callorhinchus callorynchus,Galeus sauteri,792.0250402611001
Callorhinchus callorynchus,Holohalaelurus favus,792.0250412701
Callorhinchus callorynchus,Holohalaelurus punctatus,792.0250412641002
Callorhinchus callorynchus,Holohalaelurus regani,792.0250412641002
Callorhinchus callorynchus,Holohalaelurus grennian,792.0250412641001
Callorhinchus callorynchus,Holohalaelurus melanostigma,792.0250412701001
Callorhinchus callorynchus,Pentanchus profundicolus,792.0250412701
Callorhinchus callorynchus,Halaelurus sellus,792.0250402731001
Callorhinchus callorynchus,Halaelurus maculosus,792.0250402731001
Callorhinchus callorynchus,Halaelurus buergeri,792.0250402721001
Callorhinchus callorynchus,Halaelurus boesemani,792.0250402721001
Callorhinchus callorynchus,Halaelurus lineatus,792.0250402761001
Callorhinchus callorynchus,Halaelurus natalensis,792.0250402821
Callorhinchus callorynchus,Halaelurus quagga,792.0250402821
Callorhinchus callorynchus,Haploblepharus kistnasamyi,792.0250412841
Callorhinchus callorynchus,Haploblepharus edwardsii,792.0250412841
Callorhinchus callorynchus,Haploblepharus pictus,792.0250412801
Callorhinchus callorynchus,Haploblepharus fuscus,792.0250412801
Callorhinchus callorynchus,Iago garricki,792.0250412588
Callorhinchus callorynchus,Iago omanensis,792.0250412588
Callorhinchus callorynchus,Galeorhinus galeus,792.0250412588
Callorhinchus callorynchus,Gogolia filewoodi,792.0250412588
Callorhinchus callorynchus,Hypogaleus hyugaensis,792.0250412588
Callorhinchus callorynchus,Mustelus higmani,792.0250412667999
Callorhinchus callorynchus,Mustelus punctulatus,792.0250412667999
Callorhinchus callorynchus,Mustelus griseus,792.0250412567999
Callorhinchus callorynchus,Mustelus sinusmexicanus,792.0250412567999
Callorhinchus callorynchus,Mustelus mustelus,792.0250422638
Callorhinchus callorynchus,Mustelus walkeri,792.0250412598
Callorhinchus callorynchus,Mustelus ravidus,792.0250422598
Callorhinchus callorynchus,Mustelus widodoi,792.0250422598
Callorhinchus callorynchus,Mustelus mosis,792.0250422598
Callorhinchus callorynchus,Mustelus lunulatus,792.0250422568
Callorhinchus callorynchus,Mustelus californicus,792.0250412638
Callorhinchus callorynchus,Mustelus norrisi,792.0250412638
Callorhinchus callorynchus,Mustelus henlei,792.0250422578
Callorhinchus callorynchus,Mustelus canis,792.0250422578
Callorhinchus callorynchus,Mustelus mangalorensis,792.0250412647998
Callorhinchus callorynchus,Mustelus fasciatus,792.0250412647998
Callorhinchus callorynchus,Mustelus whitneyi,792.0250412757999
Callorhinchus callorynchus,Mustelus schmitti,792.0250412757999
Callorhinchus callorynchus,Mustelus asterias,792.0250412718
Callorhinchus callorynchus,Mustelus palumbes,792.0250412718
Callorhinchus callorynchus,Mustelus stevensi,792.0250402718
Callorhinchus callorynchus,Mustelus lenticulatus,792.0250402722
Callorhinchus callorynchus,Mustelus antarcticus,792.0250402722
Callorhinchus callorynchus,Mustelus manazo,792.0250412717999
Callorhinchus callorynchus,Mustelus dorsalis,792.0250412687999
Callorhinchus callorynchus,Mustelus albipinnis,792.0250412687999
Callorhinchus callorynchus,Mustelus mento,792.0250412647998
Callorhinchus callorynchus,Scylliogaleus quecketti,792.0250412647998
Callorhinchus callorynchus,Mustelus minicanis,792.0250412728
Callorhinchus callorynchus,Triakis megalopterus,792.0250412728
Callorhinchus callorynchus,Triakis maculata,792.0250412668001
Callorhinchus callorynchus,Triakis semifasciata,792.0250412668001
Callorhinchus callorynchus,Triakis acutipinna,792.0250412688001
Callorhinchus callorynchus,Triakis scyllium,792.0250412688001
Callorhinchus callorynchus,Furgaleus macki,792.0250412688001
Callorhinchus callorynchus,Hemitriakis japanica,792.0250402628001
Callorhinchus callorynchus,Hemitriakis leucoperiptera,792.0250402628001
Callorhinchus callorynchus,Hemitriakis abdita,792.0250412648
Callorhinchus callorynchus,Hemitriakis complicofasciata,792.0250412658002
Callorhinchus callorynchus,Hemitriakis indroyonoi,792.0250412658002
Callorhinchus callorynchus,Hemitriakis falcata,792.0250412648
Callorhinchus callorynchus,Hemipristis elongata,792.0250412579002
Callorhinchus callorynchus,Paragaleus pectoralis,792.0250402569003
Callorhinchus callorynchus,Paragaleus randalli,792.0250402569003
Callorhinchus callorynchus,Paragaleus leucolomatus,792.0250402569003
Callorhinchus callorynchus,Paragaleus tengi,792.0250402579002
Callorhinchus callorynchus,Chaenogaleus macrostoma,792.0250402579002
Callorhinchus callorynchus,Hemigaleus microstoma,792.0250412579002
Callorhinchus callorynchus,Hemigaleus australiensis,792.0250412579002
Callorhinchus callorynchus,Galeocerdo cuvier,792.0250412661002
Callorhinchus callorynchus,Loxodon macrorhinus,792.0250412601001
Callorhinchus callorynchus,Scoliodon macrorhynchos,792.0250422701001
Callorhinchus callorynchus,Scoliodon laticaudus,792.0250422701001
Callorhinchus callorynchus,Rhizoprionodon acutus,792.0250422601002
Callorhinchus callorynchus,Rhizoprionodon porosus,792.0250412544002
Callorhinchus callorynchus,Rhizoprionodon oligolinx,792.0250422544002
Callorhinchus callorynchus,Rhizoprionodon taylori,792.0250422551002
Callorhinchus callorynchus,Rhizoprionodon terraenovae,792.0250412551002
Callorhinchus callorynchus,Rhizoprionodon longurio,792.0250412631002
Callorhinchus callorynchus,Rhizoprionodon lalandii,792.0250412631002
Callorhinchus callorynchus,Carcharhinus signatus,792.0250412641001
Callorhinchus callorynchus,Carcharhinus borneensis,792.0250402640002
Callorhinchus callorynchus,Carcharhinus macloti,792.0250402640002
Callorhinchus callorynchus,Carcharhinus perezii,792.0250402643002
Callorhinchus callorynchus,Carcharhinus galapagensis,792.0250392703001
Callorhinchus callorynchus,Carcharhinus obscurus,792.0250392703001
Callorhinchus callorynchus,Carcharhinus amboinensis,792.0250422663001
Callorhinchus callorynchus,Carcharhinus longimanus,792.0250392663002
Callorhinchus callorynchus,Carcharhinus hemiodon,792.0250422633002
Callorhinchus callorynchus,Carcharhinus cerdale,792.0250422633002
Callorhinchus callorynchus,Carcharhinus leucas,792.0250402663002
Callorhinchus callorynchus,Carcharhinus tjutjot,792.0250422663003
Callorhinchus callorynchus,Carcharhinus altimus,792.0250402653
Callorhinchus callorynchus,Carcharhinus plumbeus,792.0250402653
Callorhinchus callorynchus,Carcharhinus brevipinna,792.0250402656001
Callorhinchus callorynchus,Carcharhinus brachyurus,792.0250402646001
Callorhinchus callorynchus,Carcharhinus wheeleri,792.0250422646001
Callorhinchus callorynchus,Carcharhinus acronotus,792.0250402633002
Callorhinchus callorynchus,Nasolamia velox,792.0250402633002
Callorhinchus callorynchus,Carcharhinus isodon,792.0250402613001
Callorhinchus callorynchus,Isogomphodon oxyrhynchus,792.0250422663001
Callorhinchus callorynchus,Carcharhinus sealei,792.0250402610002
Callorhinchus callorynchus,Carcharhinus dussumieri,792.0250402610002
Callorhinchus callorynchus,Carcharhinus sorrah,792.025040263
Callorhinchus callorynchus,Carcharhinus porosus,792.0250422650001
Callorhinchus callorynchus,Carcharhinus albimarginatus,792.0250402650001
Callorhinchus callorynchus,Carcharhinus falciformis,792.025040263
Callorhinchus callorynchus,Carcharhinus amblyrhynchos,792.025041263
Callorhinchus callorynchus,Prionace glauca,792.025040263
Callorhinchus callorynchus,Triaenodon obesus,792.0250402680001
Callorhinchus callorynchus,Carcharhinus cautus,792.0250412651002
Callorhinchus callorynchus,Carcharhinus melanopterus,792.0250412651002
Callorhinchus callorynchus,Carcharhinus fitzroyensis,792.0250422621001
Callorhinchus callorynchus,Carcharhinus coatesi,792.0250422621001
Callorhinchus callorynchus,Carcharhinus limbatus,792.0250412601001
Callorhinchus callorynchus,Carcharhinus tilstoni,792.0250422601002
Callorhinchus callorynchus,Carcharhinus leiodon,792.0250412591001
Callorhinchus callorynchus,Carcharhinus amblyrhynchoides,792.0250422591001
Callorhinchus callorynchus,Negaprion acutidens,792.0250412641001
Callorhinchus callorynchus,Negaprion brevirostris,792.0250412641001
Callorhinchus callorynchus,Lamiopsis temminckii,792.0250412560999
Callorhinchus callorynchus,Lamiopsis tephrodes,792.0250412560999
Callorhinchus callorynchus,Glyphis garricki,792.0250412611
Callorhinchus callorynchus,Glyphis glyphis,792.0250412611
Callorhinchus callorynchus,Glyphis siamensis,792.0250412641
Callorhinchus callorynchus,Glyphis fowlerae,792.0250412641
Callorhinchus callorynchus,Glyphis gangeticus,792.0250412641
Callorhinchus callorynchus,Glyphis sp.1,792.0250412641
Callorhinchus callorynchus,Eusphyra blochii,792.0250412611001
Callorhinchus callorynchus,Sphyrna mokarran,792.0250412591
Callorhinchus callorynchus,Sphyrna zygaena,792.0250402571
Callorhinchus callorynchus,Sphyrna lewini,792.0250402541001
Callorhinchus callorynchus,Sphyrna corona,792.0250412641
Callorhinchus callorynchus,Sphyrna tiburo,792.0250412591
Callorhinchus callorynchus,Sphyrna tudes,792.0250412601
Callorhinchus callorynchus,Sphyrna media,792.0250412601
Callorhinchus callorynchus,Leptocharias smithii,792.0250412301
Callorhinchus callorynchus,Eridacnis sinuans,792.0250412591
Callorhinchus callorynchus,Eridacnis barbouri,792.0250412591
Callorhinchus callorynchus,Eridacnis radcliffei,792.0250412601
Callorhinchus callorynchus,Proscyllium venustum,792.0250412651001
Callorhinchus callorynchus,Proscyllium magnificum,792.0250412651001
Callorhinchus callorynchus,Proscyllium habereri,792.0250412651001
Callorhinchus callorynchus,Ctenacis fehlmanni,792.0250412701
Callorhinchus callorynchus,Planonasus parini,792.0250412601
Callorhinchus callorynchus,Pseudotriakis microdon,792.0250412601
Callorhinchus callorynchus,Gollum attenuatus,792.0250412611
Callorhinchus callorynchus,Gollum suluensis,792.0250412611
